"","rating_count","price","stars","ratingta","ratingta_count","scarce_room","hotel_id","offer","distance","distance_alter","rating","log_price","neighbourhood_f","offer_cat_f","accommodation_type_f","ratingta_flag","ratingta_count_flag","rating_count_flag","rating_flag","gbm_prediction","gbm_prediction_res","bestdeals"
"1",53,85,4,3.5,629,0,21901,1,1.4,2.5,3.7,4.44265125649032,"Alsergrund","15-50% offer","Hotel",0,0,0,0,4.50665385898656,-0.0640026024962408,FALSE
"2",55,83,3,4,52,0,21902,1,1.7,2.5,4,4.4188406077966,"Alsergrund","15-50% offer","Hotel",0,0,0,0,4.43052885941936,-0.0116882516227639,FALSE
"3",33,82,4,3.5,219,1,21903,1,1.2,2.8,3.9,4.40671924726425,"Alsergrund","15-50% offer","Hotel",0,0,0,0,4.40121358600342,0.0055056612608313,FALSE
"4",25,229,5,4.5,27,1,21904,1,0.9,3,4.8,5.43372200355424,"Alsergrund","1-15% offer","Apartment",0,0,0,0,5.28927330046994,0.1444487030843,FALSE
"5",57,103,4,3.5,251,1,21906,0,0.9,2.4,3.9,4.63472898822964,"Alsergrund","0% no offer","Hotel",0,0,0,0,4.56773805556734,0.0669909326622999,FALSE
"6",161,150,4,4.5,617,0,21907,0,1,2.7,4.6,5.01063529409626,"Alsergrund","0% no offer","Hotel",0,0,0,0,4.84690182135137,0.163733472744886,FALSE
"7",50,80,2,3.5,146,1,21908,1,0.7,2.7,3.5,4.38202663467388,"Alsergrund","1-15% offer","Hotel",0,0,0,0,4.69244548790772,-0.31041885323384,FALSE
"8",0,153,3,0,0,1,21910,1,1.5,2.7,0,5.03043792139244,"Alsergrund","15-50% offer","Apartment",0,0,0,0,5.04075803295108,-0.0103201115586495,FALSE
"9",203,60,4,4,359,1,21912,1,1.1,2.7,4.1,4.0943445622221,"Alsergrund","1-15% offer","Hotel",0,0,0,0,4.46217226303675,-0.367827700814653,FALSE
"10",251,128,4,4,829,0,21913,0,0.8,2.9,4,4.85203026391962,"Alsergrund","0% no offer","Hotel",0,0,0,0,4.80115373118762,0.050876532731996,FALSE
"11",142,100,4,4,55,1,21914,1,1,2.3,4.5,4.60517018598809,"Alsergrund","15-50% offer","Apartment",0,0,0,0,4.50251701300637,0.102653172981724,FALSE
"12",8,143,2,0,0,1,21915,1,1.2,2.3,3.7,4.96284463025991,"Alsergrund","15-50% offer","Apartment",0,0,0,0,4.88448184694824,0.0783627833116647,FALSE
"13",0,106,2.5,2,74,1,21916,0,0.7,2.6,0,4.66343909411207,"Alsergrund","0% no offer","Hotel",0,0,0,0,4.72320328153818,-0.0597641874261141,FALSE
"14",18,85,4,4,62,0,21917,1,1.7,2.6,4.1,4.44265125649032,"Alsergrund","1-15% offer","Hotel",0,0,0,0,4.54864950154302,-0.105998245052706,FALSE
"15",20,77,3,3.5,97,0,21918,1,0.9,2.8,3.7,4.34380542185368,"Alsergrund","15-50% offer","Hotel",0,0,0,0,4.49304517175885,-0.149239749905164,FALSE
"16",77,78,3,3.5,120,1,21919,1,0.8,2.8,3.9,4.35670882668959,"Alsergrund","15-50% offer","Hotel",0,0,0,0,4.47836030935605,-0.121651482666462,FALSE
"17",76,78,3,3.5,161,1,21920,0,0.9,2.8,4,4.35670882668959,"Alsergrund","0% no offer","Hotel",0,0,0,0,4.37449160663773,-0.0177827799481367,FALSE
"18",0,260,3.5,5,2,1,21921,0,3.4,0.6,0,5.56068163101553,"Donaustadt","0% no offer","Apartment",0,0,0,0,5.26997008296394,0.290711548051592,FALSE
"19",5,158,3,4.5,72,1,21922,0,3.4,0.6,4.8,5.06259503302697,"Donaustadt","0% no offer","Apartment",0,0,0,0,4.87667792566227,0.185917107364698,FALSE
"20",77,77,3,4,158,1,21924,0,4.2,1.5,3.9,4.34380542185368,"Donaustadt","0% no offer","Hotel",0,0,0,0,4.49182394814676,-0.148018526293072,FALSE
"21",193,77,3,3,91,0,21925,1,3.9,1.9,2.7,4.34380542185368,"Donaustadt","50%-75% offer","Hotel",0,0,0,0,4.21853323313703,0.125272188716659,FALSE
"22",94,95,4,4,228,0,21926,1,3.6,1.2,4.3,4.55387689160054,"Donaustadt","15-50% offer","Hotel",0,0,0,0,4.69625793614664,-0.142381044546095,FALSE
"23",1,156,3,0,0,1,21927,0,3.8,1.2,3,5.04985600724954,"Donaustadt","0% no offer","Apartment",0,0,0,0,4.94883651231276,0.101019494936774,FALSE
"24",5,145,3,4.5,205,1,21928,0,3.5,0.8,3.5,4.97673374242057,"Donaustadt","0% no offer","Other",0,0,0,0,4.50754840711341,0.469185335307167,FALSE
"25",178,208,4,4,1085,1,21930,0,2.9,0.6,4.1,5.33753807970132,"Donaustadt","0% no offer","Hotel",0,0,0,0,4.97594030318465,0.361597776516666,FALSE
"26",330,87,3,3.5,423,1,21933,0,3.4,0.9,3.7,4.46590811865458,"Donaustadt","0% no offer","Hotel",0,0,0,0,4.48288130066891,-0.0169731820143308,FALSE
"27",6,131,2,0,0,1,21934,1,2.3,4.9,3.5,4.87519732320115,"Favoriten","15-50% offer","Apartment",0,0,0,0,4.88607166041215,-0.0108743372110025,FALSE
"28",194,54,3,4,522,0,21935,1,2,4.5,3.5,3.98898404656427,"Favoriten","50%-75% offer","Hotel",0,0,0,0,4.19463083637037,-0.205646789806099,FALSE
"29",9,139,2,3,17,1,21936,1,2.4,5,3,4.93447393313069,"Favoriten","15-50% offer","Apartment",0,0,0,0,4.77936948330308,0.15510444982761,FALSE
"30",3,184,2,0,0,1,21937,1,2.8,5.3,3.2,5.21493575760899,"Favoriten","15-50% offer","Apartment",0,0,0,0,4.97883346213685,0.236102295472133,FALSE
"31",1,127,3,0,0,1,21938,1,2.9,5.2,1,4.84418708645859,"Favoriten","15-50% offer","Apartment",0,0,0,0,5.01099611591597,-0.166809029457374,FALSE
"32",0,95,3,0,0,1,21939,0,2.5,5.1,0,4.55387689160054,"Favoriten","0% no offer","Apartment",0,0,0,0,4.76053269060109,-0.20665579900055,FALSE
"33",441,99,3.5,4.5,630,0,21940,0,1.7,4.2,4.4,4.59511985013459,"Favoriten","0% no offer","Hotel",0,0,0,0,4.44332361713696,0.151796232997627,FALSE
"34",1122,75,3.5,4.5,573,0,21941,1,1.7,4.1,4.4,4.31748811353631,"Favoriten","15-50% offer","Hotel",0,0,0,0,4.36979791449292,-0.0523098009566105,FALSE
"35",362,76,3,4,269,0,21943,1,2.1,4.6,4.4,4.33073334028633,"Favoriten","15-50% offer","Hotel",0,0,0,0,4.27478808155245,0.0559452587338809,FALSE
"36",2,130,2,0,0,1,21945,1,2.5,5.1,3,4.86753445045558,"Favoriten","15-50% offer","Apartment",0,0,0,0,4.89498400258436,-0.0274495521287825,FALSE
"37",525,91,4,4.5,741,0,21946,0,1.9,4.2,4.5,4.51085950651685,"Favoriten","0% no offer","Hotel",0,0,0,0,4.60163074470997,-0.0907712381931178,FALSE
"38",1,135,2,0,0,1,21947,1,2.4,5,3,4.90527477843843,"Favoriten","15-50% offer","Apartment",0,0,0,0,4.95574723047442,-0.0504724520359945,FALSE
"39",113,56,2,3,183,1,21948,0,2,4.5,2,4.02535169073515,"Favoriten","0% no offer","Hotel",0,0,0,0,4.35488868737303,-0.329536996637879,FALSE
"40",71,27,2,3.5,216,1,21949,0,2.7,5.1,3.7,3.29583686600433,"Favoriten","0% no offer","Other",0,0,0,0,3.93390101431477,-0.638064148310438,FALSE
"41",1,88,3,0,0,1,21950,1,2.3,4.6,3,4.47733681447821,"Favoriten","1-15% offer","Apartment",0,0,0,0,4.79030212667104,-0.312965312192828,FALSE
"42",22,133,2,0,0,1,21951,1,2.5,4.8,3.5,4.89034912822175,"Favoriten","15-50% offer","Apartment",0,0,0,0,4.87105613259837,0.0192929956233856,FALSE
"43",366,33,2,3.5,491,0,21956,0,1.8,4.3,3.4,3.49650756146648,"Favoriten","0% no offer","Hotel",0,0,0,0,3.90613693494044,-0.40962937347396,FALSE
"44",0,116,3.5,0,0,0,21958,0,2,4.4,0,4.75359019110636,"Favoriten","0% no offer","Apartment",0,0,0,0,4.85823983827083,-0.104649647164469,FALSE
"45",821,71,4,4,31,0,21959,1,1.7,4.2,4,4.26267987704132,"Favoriten","1-15% offer","Hotel",0,0,0,0,4.37614909438062,-0.113469217339304,FALSE
"46",16,90,3.5,0,0,1,21960,1,2.7,5.3,3.5,4.49980967033027,"Favoriten","1-15% offer","Apartment",0,0,0,0,4.5997607855142,-0.0999511151839325,FALSE
"47",23,84,4,0,0,1,21962,1,1.9,4.3,4.1,4.43081679884331,"Favoriten","15-50% offer","Apartment",0,0,0,0,4.57360500380138,-0.142788204958071,FALSE
"48",38,63,3,0,0,0,21963,1,2.3,4.7,4.3,4.14313472639153,"Favoriten","15-50% offer","Other",0,0,0,0,4.51806222492029,-0.37492749852876,FALSE
"49",184,156,3,4.5,1347,1,21968,1,0.3,2.6,4.5,5.04985600724954,"Innere Stadt","1-15% offer","Hotel",0,0,0,0,5.01719407560062,0.0326619316489216,FALSE
"50",78,513,5,5,1126,1,21969,1,0.3,2.8,4.8,6.24027584517077,"Innere Stadt","15-50% offer","Hotel",0,0,0,0,5.8926544129803,0.347621432190465,FALSE
"51",319,133,4,4,466,1,21970,1,0.3,2.6,4.3,4.89034912822175,"Innere Stadt","15-50% offer","Hotel",0,0,0,0,4.8647054580458,0.0256436701759544,FALSE
"52",73,123,4,3.5,47,1,21971,1,0.5,3.1,4.1,4.81218435537242,"Innere Stadt","15-50% offer","Hotel",0,0,0,0,5.06924953678907,-0.25706518141665,FALSE
"53",81,219,4,4.5,392,1,21972,1,0.3,3,4.5,5.3890717298165,"Innere Stadt","1-15% offer","Hotel",0,0,0,0,5.58728039428515,-0.198208664468648,FALSE
"54",271,152,4,4,261,0,21973,1,0.3,3,4.3,5.02388052084628,"Innere Stadt","15-50% offer","Hotel",0,0,0,0,5.07535904914139,-0.0514785282951156,FALSE
"55",211,115,4,4.5,211,1,21975,1,0.1,2.7,4.3,4.74493212836325,"Innere Stadt","15-50% offer","Hotel",0,0,0,0,4.85356595158234,-0.108633823219088,FALSE
"56",5,806,5,4.5,114,0,21976,1,0.3,2.8,4.5,6.69208374250663,"Innere Stadt","15-50% offer","Hotel",0,0,0,0,6.10398984767123,0.588093894835403,FALSE
"57",316,138,4,4.5,463,0,21977,1,0.2,2.6,4.5,4.92725368515721,"Innere Stadt","15-50% offer","Hotel",0,0,0,0,5.12810944553263,-0.200855760375429,FALSE
"58",28,95,3,0,0,1,21979,0,0.4,2.5,3.7,4.55387689160054,"Innere Stadt","0% no offer","Apartment",0,0,0,0,4.8672386576616,-0.313361766061063,FALSE
"59",336,146,4,4,714,0,21980,0,0.1,2.9,4.4,4.98360662170834,"Innere Stadt","0% no offer","Hotel",0,0,0,0,5.00465792422896,-0.0210513025206236,FALSE
"60",83,103,3,4,159,0,21981,0,0.7,3.1,4,4.63472898822964,"Innere Stadt","0% no offer","Other",0,0,0,0,4.63175515366082,0.00297383456881217,FALSE
"61",0,125,3.5,0,0,1,21983,0,0.5,3.3,0,4.8283137373023,"Innere Stadt","0% no offer","Apartment",0,0,0,0,5.48894787241308,-0.66063413511078,TRUE
"62",88,98,3,3.5,66,1,21984,0,0.5,2.6,3.7,4.58496747867057,"Innere Stadt","0% no offer","Hotel",0,0,0,0,4.54800622801337,0.0369612506572006,FALSE
"63",140,121,3.5,4.5,557,1,21985,1,0.3,2.5,4.5,4.79579054559674,"Innere Stadt","15-50% offer","Hotel",0,0,0,0,5.03398498125625,-0.238194435659511,FALSE
"64",391,149,4,4,1516,0,21986,1,0.2,2.6,4,5.00394630594546,"Innere Stadt","1-15% offer","Hotel",0,0,0,0,4.90647917175603,0.0974671341894275,FALSE
"65",320,120,3,3.5,515,0,21987,1,0.3,2.5,3.9,4.78749174278205,"Innere Stadt","1-15% offer","Hotel",0,0,0,0,4.61708666637694,0.170405076405103,FALSE
"66",21,157,3,4.5,146,1,21988,1,0.4,2.9,4.4,5.05624580534831,"Innere Stadt","1-15% offer","Hotel",0,0,0,0,5.47167236512595,-0.41542655977764,FALSE
"67",193,261,5,5,945,1,21989,1,0.3,3.1,4.8,5.56452040732269,"Innere Stadt","15-50% offer","Hotel",0,0,0,0,5.11070569602728,0.453814711295411,FALSE
"68",75,145,3.5,4,48,1,21990,1,0.7,3.4,4.1,4.97673374242057,"Innere Stadt","15-50% offer","Apartment",0,0,0,0,4.96633364686878,0.0104000955517956,FALSE
"69",35,275,4,4,16,1,21991,1,0.2,2.6,4.3,5.61677109766657,"Innere Stadt","15-50% offer","Apartment",0,0,0,0,5.39424241731412,0.222528680352452,FALSE
"70",0,253,3.5,0,0,1,21992,0,0.2,2.9,0,5.53338948872752,"Innere Stadt","0% no offer","Apartment",0,0,0,0,5.29207981969094,0.241309669036576,FALSE
"71",0,209,4,0,0,1,21993,0,0.2,2.9,0,5.34233425196481,"Innere Stadt","0% no offer","Apartment",0,0,0,0,5.50729252094344,-0.164958268978627,FALSE
"72",505,112,4,4,607,0,21995,1,0.2,2.9,4,4.71849887129509,"Innere Stadt","15-50% offer","Hotel",0,0,0,0,4.84219451364486,-0.123695642349769,FALSE
"73",386,138,4,4,273,0,21996,1,0.3,2.5,4.3,4.92725368515721,"Innere Stadt","15-50% offer","Hotel",0,0,0,0,4.90729643122662,0.0199572539305857,FALSE
"74",109,84,3,4,171,1,21997,1,0.4,2.6,4,4.43081679884331,"Innere Stadt","1-15% offer","Other",0,0,0,0,4.46129686807857,-0.0304800692352547,FALSE
"75",626,199,4.5,4.5,3171,0,21998,1,0.3,2.9,4.5,5.29330482472449,"Innere Stadt","50%-75% offer","Hotel",0,0,0,0,5.30587454428172,-0.0125697195572263,FALSE
"76",334,203,5,4.5,917,0,21999,1,0.3,2.9,4.4,5.31320597904179,"Innere Stadt","15-50% offer","Hotel",0,0,0,0,5.25459403543118,0.0586119436106083,FALSE
"77",0,116,3,3,4,1,22001,0,0.2,2.7,0,4.75359019110636,"Innere Stadt","0% no offer","Other",0,0,0,0,4.86187669718704,-0.108286506080678,FALSE
"78",0,107,3.5,0,0,1,22002,0,0.2,2.7,0,4.67282883446191,"Innere Stadt","0% no offer","Apartment",0,0,0,0,5.0785004166384,-0.405671582176499,FALSE
"79",0,127,3.5,0,0,1,22003,0,0.2,2.7,0,4.84418708645859,"Innere Stadt","0% no offer","Apartment",0,0,0,0,5.0785004166384,-0.234313330179813,FALSE
"80",0,104,3.5,0,0,1,22004,0,0.2,2.7,0,4.64439089914137,"Innere Stadt","0% no offer","Apartment",0,0,0,0,5.0785004166384,-0.434109517497032,FALSE
"81",11,168,3.5,3.5,4,1,22005,1,0.2,2.6,4,5.12396397940326,"Innere Stadt","15-50% offer","Apartment",0,0,0,0,5.04534803182839,0.0786159475748684,FALSE
"82",150,544,5,4.5,1178,0,22006,0,0.5,3.2,4.8,6.29894924685594,"Innere Stadt","0% no offer","Hotel",0,0,0,0,5.78066043867911,0.518288808176837,FALSE
"83",531,252,5,4.5,1050,0,22007,1,0.5,3.2,4.6,5.52942908751142,"Innere Stadt","1-15% offer","Hotel",0,0,0,0,5.2791893458865,0.25023974162492,FALSE
"84",253,323,5,4.5,1168,0,22008,1,0.5,3.2,4.5,5.77765232322266,"Innere Stadt","15-50% offer","Hotel",0,0,0,0,5.74915063862158,0.0285016846010775,FALSE
"85",47,158,3,4,232,1,22009,0,0.3,3.1,4.3,5.06259503302697,"Innere Stadt","0% no offer","Hotel",0,0,0,0,5.24163144709063,-0.179036414063662,FALSE
"86",19,156,3.5,0,0,1,22010,1,0.2,2.7,4,5.04985600724954,"Innere Stadt","15-50% offer","Apartment",0,0,0,0,4.94813344833174,0.101722558917801,FALSE
"87",124,218,4,5,1112,1,22011,1,0.2,2.6,4.6,5.38449506278909,"Innere Stadt","50%-75% offer","Hotel",0,0,0,0,5.36760821762357,0.0168868451655166,FALSE
"88",115,218,4,4.5,475,0,22012,1,0.1,2.7,4.5,5.38449506278909,"Innere Stadt","15-50% offer","Hotel",0,0,0,0,5.46894444634896,-0.0844493835598712,FALSE
"89",110,135,3,3.5,162,0,22013,1,0.3,2.6,3.9,4.90527477843843,"Innere Stadt","15-50% offer","Hotel",0,0,0,0,4.82021705124247,0.0850577271959576,FALSE
"90",16,219,2,0,0,1,22014,1,0.6,2.6,4,5.3890717298165,"Innere Stadt","15-50% offer","Apartment",0,0,0,0,5.10768155383508,0.281390175981425,FALSE
"91",467,179,4,4.5,423,1,22016,0,0.5,3.3,4.4,5.18738580584075,"Innere Stadt","0% no offer","Hotel",0,0,0,0,5.13413921312303,0.0532465927177226,FALSE
"92",0,511,3.5,0,0,1,22017,1,0.5,3.3,0,6.2363695902037,"Innere Stadt","1-15% offer","Apartment",0,0,0,0,5.59110898507023,0.645260605133474,FALSE
"93",650,157,4,4.5,1380,0,22018,1,0.7,3.5,4.5,5.05624580534831,"Innere Stadt","1-15% offer","Hotel",0,0,0,0,5.34427027708785,-0.288024471739543,FALSE
"94",95,146,4,4.5,770,1,22019,0,0.3,2.8,4.5,4.98360662170834,"Innere Stadt","0% no offer","Hotel",0,0,0,0,5.2240169396579,-0.24041031794956,FALSE
"95",564,200,5,4,1850,0,22020,1,0.4,2.9,4.3,5.29831736654804,"Innere Stadt","15-50% offer","Hotel",0,0,0,0,5.25645106256414,0.0418663039838982,FALSE
"96",168,157,4,4,392,1,22021,0,0.1,2.8,4.1,5.05624580534831,"Innere Stadt","0% no offer","Hotel",0,0,0,0,5.01270538363108,0.0435404217172257,FALSE
"97",0,138,4,0,0,1,22022,0,0.3,2.6,0,4.92725368515721,"Innere Stadt","0% no offer","Apartment",0,0,0,0,5.3491423688089,-0.421888683651692,FALSE
"98",175,108,3,3.5,234,1,22023,1,0.3,2.5,3.5,4.68213122712422,"Innere Stadt","15-50% offer","Hotel",0,0,0,0,4.54595451445847,0.136176712665751,FALSE
"99",0,290,3.5,0,0,1,22025,0,0.2,2.6,0,5.66988092298052,"Innere Stadt","0% no offer","Apartment",0,0,0,0,5.08053299381407,0.589347929166451,FALSE
"100",426,127,4,4,840,0,22026,1,0.8,3.1,4,4.84418708645859,"Innere Stadt","15-50% offer","Hotel",0,0,0,0,4.74430098770635,0.0998860987522363,FALSE
"101",1,114,3,0,0,1,22027,0,0.7,3,3,4.7361984483945,"Innere Stadt","0% no offer","Other",0,0,0,0,4.94910444693481,-0.212905998540316,FALSE
"102",148,163,4,4,388,1,22028,0,0.4,2.7,4.1,5.09375020080676,"Innere Stadt","0% no offer","Hotel",0,0,0,0,5.02334033262437,0.0704098681823941,FALSE
"103",163,116,4,4.5,212,1,22029,1,0.2,2.8,4.5,4.75359019110636,"Innere Stadt","15-50% offer","Other",0,0,0,0,4.95983801667573,-0.206247825569362,FALSE
"104",493,226,5,4.5,2985,0,22030,1,0.5,3.3,4.3,5.42053499927229,"Innere Stadt","15-50% offer","Hotel",0,0,0,0,5.51481486582416,-0.0942798665518758,FALSE
"105",56,231,4,4.5,282,0,22031,1,0.1,2.7,4.4,5.44241771052179,"Innere Stadt","15-50% offer","Hotel",0,0,0,0,5.75193007073857,-0.309512360216779,FALSE
"106",247,116,4,4.5,1274,1,22032,1,0.4,2.6,4.4,4.75359019110636,"Innere Stadt","15-50% offer","Hotel",0,0,0,0,5.20588860750999,-0.452298416403625,FALSE
"107",169,76,3,4,167,1,22033,1,0.4,2.6,3.7,4.33073334028633,"Innere Stadt","15-50% offer","Other",0,0,0,0,4.319086020302,0.0116473199843314,FALSE
"108",1,135,3.5,0,0,1,22034,0,0.3,2.6,1,4.90527477843843,"Innere Stadt","0% no offer","Apartment",0,0,0,0,5.08053299381407,-0.175258215375639,FALSE
"109",599,184,5,4.5,1330,0,22035,1,0.6,2.7,4.5,5.21493575760899,"Innere Stadt","15-50% offer","Hotel",0,0,0,0,5.31738884433388,-0.102453086724892,FALSE
"110",258,384,5,5,1207,0,22036,1,0.6,2.5,4.8,5.95064255258773,"Innere Stadt","15-50% offer","Hotel",0,0,0,0,5.60076997561633,0.3498725769714,FALSE
"111",703,166,4,4,1592,1,22037,1,0.6,2.8,4.3,5.11198778835654,"Innere Stadt","15-50% offer","Hotel",0,0,0,0,5.08728091696485,0.0247068713916976,FALSE
"112",230,187,5,4,468,0,22038,1,0.5,3.1,4.1,5.23110861685459,"Innere Stadt","15-50% offer","Hotel",0,0,0,0,5.14254646217127,0.0885621546833173,FALSE
"113",112,371,5,4.5,1319,0,22039,1,0.5,3.1,4.6,5.91620206260743,"Innere Stadt","1-15% offer","Hotel",0,0,0,0,5.60336282324029,0.312839239367145,FALSE
"114",278,156,4,4.5,272,1,22040,0,0.1,2.7,4.4,5.04985600724954,"Innere Stadt","0% no offer","Other",0,0,0,0,4.77875798216197,0.271098025087563,FALSE
"115",0,220,3.5,0,0,1,22041,0,0.3,2.5,0,5.39362754635236,"Innere Stadt","0% no offer","Apartment",0,0,0,0,5.12343381095812,0.270193735394247,FALSE
"116",81,169,4,4.5,561,1,22042,0,0.3,2.5,4.5,5.12989871492307,"Innere Stadt","0% no offer","Hotel",0,0,0,0,5.1897784146561,-0.0598796997330258,FALSE
"117",0,103,3,0,0,1,22043,0,0.3,2.7,0,4.63472898822964,"Innere Stadt","0% no offer","Apartment",0,0,0,0,4.91826807737449,-0.283539089144856,FALSE
"118",15,266,5,0,0,1,22044,0,0.3,2.6,4.5,5.5834963087817,"Innere Stadt","0% no offer","Apartment",0,0,0,0,5.31614609557291,0.267350213208787,FALSE
"119",203,131,3,4,338,1,22045,1,0.1,2.9,3.9,4.87519732320115,"Innere Stadt","15-50% offer","Other",0,0,0,0,4.58494090074418,0.290256422456972,FALSE
"120",150,168,4,4.5,154,1,22046,0,0.2,2.8,4.6,5.12396397940326,"Innere Stadt","0% no offer","Apartment",0,0,0,0,5.14282740383664,-0.0188634244333787,FALSE
"121",0,101,3,0,0,1,22047,0,0.2,2.6,0,4.61512051684126,"Innere Stadt","0% no offer","Apartment",0,0,0,0,4.92030065455016,-0.305180137708896,FALSE
"122",0,364,3.5,0,0,1,22049,0,0.2,3,0,5.89715386763674,"Innere Stadt","0% no offer","Apartment",0,0,0,0,5.28395673012121,0.613197137515527,FALSE
"123",404,242,4,4.5,2165,0,22050,1,0,2.8,4.8,5.48893772615669,"Innere Stadt","1-15% offer","Hotel",0,0,0,0,5.33377015496847,0.155167571188222,FALSE
"124",123,223,4,3.5,276,1,22051,0,0.5,2.4,3.5,5.40717177146012,"Innere Stadt","0% no offer","Hotel",0,0,0,0,4.95462471131642,0.452547060143702,FALSE
"125",653,149,4,4.5,930,1,22052,1,0.3,2.7,4.4,5.00394630594546,"Innere Stadt","15-50% offer","Hotel",0,0,0,0,4.89921866668201,0.104727639263445,FALSE
"126",0,232,3.5,0,0,1,22053,0,0.2,2.7,0,5.44673737166631,"Innere Stadt","0% no offer","Apartment",0,0,0,0,5.0785004166384,0.368236955027905,FALSE
"127",388,114,4,4,836,0,22054,1,0.5,2.3,4,4.7361984483945,"Innere Stadt","15-50% offer","Hotel",0,0,0,0,4.86966563107734,-0.133467182682848,FALSE
"128",1,253,3.5,0,0,1,22055,0,0.1,2.8,2,5.53338948872752,"Innere Stadt","0% no offer","Apartment",0,0,0,0,5.26850794443766,0.264881544289859,FALSE
"129",230,163,4,4.5,203,1,22057,1,0.3,2.6,4.4,5.09375020080676,"Innere Stadt","15-50% offer","Other",0,0,0,0,4.71819901551628,0.375551185290482,FALSE
"130",69,116,3,4.5,774,1,22059,1,0.4,3.1,4.1,4.75359019110636,"Innere Stadt","15-50% offer","Other",0,0,0,0,4.86843778952379,-0.114847598417422,FALSE
"131",34,139,4,3.5,54,1,22061,1,0.2,2.9,3.5,4.93447393313069,"Innere Stadt","1-15% offer","Hotel",0,0,0,0,5.19160655272746,-0.257132619596772,FALSE
"132",6,91,3.5,0,0,1,22063,0,0.2,2.7,3.2,4.51085950651685,"Innere Stadt","0% no offer","Apartment",0,0,0,0,4.81897857431539,-0.30811906779854,FALSE
"133",102,79,3,3.5,127,1,22064,1,1.4,3.6,3.5,4.36944785246702,"Josefstadt","1-15% offer","Hotel",0,0,0,0,4.30558795967415,0.0638598927928733,FALSE
"134",65,66,4,3.5,85,1,22065,1,1.1,3.2,3.7,4.18965474202643,"Josefstadt","15-50% offer","Other",0,0,0,0,4.20922416095303,-0.0195694189266034,FALSE
"135",9,100,3,4,17,1,22066,1,1.1,3.2,3,4.60517018598809,"Josefstadt","1-15% offer","Apartment",0,0,0,0,4.76059690623282,-0.155426720244725,FALSE
"136",11,75,2.5,3.5,33,1,22067,1,1.3,3.4,3,4.31748811353631,"Josefstadt","1-15% offer","Other",0,0,0,0,4.5282561677752,-0.210768054238891,FALSE
"137",51,73,2,3,87,1,22068,0,1.2,3.3,3.5,4.29045944114839,"Josefstadt","0% no offer","Other",0,0,0,0,4.2016664521506,0.0887929889977874,FALSE
"138",298,127,5,4,876,1,22069,1,0.8,3.4,4.1,4.84418708645859,"Josefstadt","1-15% offer","Hotel",0,0,0,0,4.92632084496017,-0.0821337585015796,FALSE
"139",354,110,3,4,419,0,22071,1,0.9,3.4,4.1,4.70048036579242,"Josefstadt","15-50% offer","Hotel",0,0,0,0,4.53821750771921,0.162262858073208,FALSE
"140",92,88,3,4,509,1,22072,1,0.9,3.3,4.4,4.47733681447821,"Josefstadt","15-50% offer","Hotel",0,0,0,0,4.69932025226947,-0.221983437791267,FALSE
"141",66,59,3,4,88,0,22073,1,1.2,3.5,3.7,4.07753744390572,"Josefstadt","15-50% offer","Other",0,0,0,0,4.20827254543899,-0.130735101533269,FALSE
"142",0,355,4,0,0,1,22074,0,1.6,3.8,0,5.87211778947542,"Josefstadt","0% no offer","Apartment",0,0,0,0,5.23280411727895,0.63931367219647,FALSE
"143",128,59,3,4,967,1,22075,1,1.6,3.7,3.9,4.07753744390572,"Josefstadt","50%-75% offer","Hotel",0,0,0,0,4.22818472063035,-0.150647276724629,FALSE
"144",530,119,4,4,1358,0,22076,1,0.9,3.4,4,4.77912349311153,"Josefstadt","1-15% offer","Hotel",0,0,0,0,4.73937530140943,0.0397481917020981,FALSE
"145",342,152,4,4,1461,0,22077,1,0.9,3.4,4.3,5.02388052084628,"Josefstadt","1-15% offer","Hotel",0,0,0,0,4.96548599541408,0.0583945254321989,FALSE
"146",194,102,4,4,346,0,22078,1,1,3.4,4,4.62497281328427,"Josefstadt","1-15% offer","Hotel",0,0,0,0,4.54473650945207,0.0802363038322049,FALSE
"147",1,363,3.5,0,0,1,22079,1,1.5,3.5,5,5.89440283426485,"Josefstadt","1-15% offer","Apartment",0,0,0,0,5.25722438899416,0.637178445270691,FALSE
"148",63,54,3,3,85,1,22080,1,1.1,3.4,3.2,3.98898404656427,"Josefstadt","15-50% offer","Hotel",0,0,0,0,4.22814835875335,-0.239164312189077,FALSE
"149",67,101,3,4,44,1,22081,1,1.1,3.3,4,4.61512051684126,"Josefstadt","15-50% offer","Apartment",0,0,0,0,4.47517582304395,0.139944693797308,FALSE
"150",84,75,2,4.5,304,1,22082,1,0.9,3.5,4,4.31748811353631,"Josefstadt","15-50% offer","Hotel",0,0,0,0,4.33423020759094,-0.0167420940546288,FALSE
"151",30,73,2,4,103,1,22083,1,0.9,3.5,3.9,4.29045944114839,"Josefstadt","1-15% offer","Hotel",0,0,0,0,4.45283976601145,-0.162380324863062,FALSE
"152",169,94,3,4,452,1,22084,1,1,3.4,4.1,4.54329478227,"Josefstadt","15-50% offer","Hotel",0,0,0,0,4.55053159449312,-0.00723681222311168,FALSE
"153",65,64,4,4,251,1,22085,1,1.1,3.3,3.5,4.15888308335967,"Josefstadt","15-50% offer","Other",0,0,0,0,4.3608823591705,-0.201999275810825,FALSE
"154",91,81,3.5,3.5,260,0,22086,1,1,3.3,3.7,4.39444915467244,"Josefstadt","15-50% offer","Other",0,0,0,0,4.40693577769382,-0.0124866230213776,FALSE
"155",1,162,3,0,0,1,22087,1,1.6,4,4,5.08759633523238,"Josefstadt","15-50% offer","Apartment",0,0,0,0,5.06865591240088,0.0189404228315047,FALSE
"156",765,115,4,4.5,2150,0,22088,1,0.9,3.5,4.5,4.74493212836325,"Josefstadt","15-50% offer","Hotel",0,0,0,0,4.86326286347138,-0.118330735108129,FALSE
"157",80,101,4,4.5,90,1,22089,1,1.2,3.8,4.4,4.61512051684126,"Josefstadt","15-50% offer","Apartment",0,0,0,0,4.39048116678327,0.22463935005799,FALSE
"158",43,68,3,3.5,182,1,22090,1,0.9,3.2,3.7,4.21950770517611,"Josefstadt","15-50% offer","Hotel",0,0,0,0,4.29798985618211,-0.0784821510060079,FALSE
"159",78,354,5,4.5,1504,0,22092,1,0.4,3.2,4.5,5.86929691313377,"Kaerntner Strasse","1-15% offer","Hotel",0,0,0,0,5.81869816886217,0.0505987442715998,FALSE
"160",184,153,4,4,700,1,22093,1,0.2,3,4.1,5.03043792139244,"Kaerntner Strasse","15-50% offer","Hotel",0,0,0,0,4.82940166572867,0.201036255663769,FALSE
"161",276,202,5,4,615,1,22094,1,0.2,3,4.3,5.30826769740121,"Kaerntner Strasse","15-50% offer","Hotel",0,0,0,0,4.98757550447677,0.320692192924437,FALSE
"162",313,169,4,4,760,1,22095,1,0.3,3.1,4.1,5.12989871492307,"Kaerntner Strasse","1-15% offer","Hotel",0,0,0,0,4.96325653416005,0.166642180763027,FALSE
"163",323,182,4,4.5,327,0,22097,1,0.5,3.3,4.5,5.2040066870768,"Kaerntner Strasse","1-15% offer","Hotel",0,0,0,0,5.25357153855836,-0.0495648514815672,FALSE
"164",0,193,3,0,0,1,22098,0,0.1,2.9,0,5.26269018890489,"Kaerntner Strasse","0% no offer","Apartment",0,0,0,0,5.15885490755684,0.103835281348046,FALSE
"165",90,138,4,4.5,408,1,22099,1,0.2,3,4.1,4.92725368515721,"Kaerntner Strasse","1-15% offer","Other",0,0,0,0,4.99635938331242,-0.0691056981552105,FALSE
"166",140,527,5,5,1748,1,22100,1,0.4,3.1,4.8,6.26720054854136,"Kaerntner Strasse","1-15% offer","Hotel",0,0,0,0,5.49757386641896,0.769626682122403,FALSE
"167",512,142,4,4,837,0,22101,1,0.1,2.8,4.4,4.95582705760126,"Kaerntner Strasse","15-50% offer","Hotel",0,0,0,0,4.94929072505191,0.00653633254935304,FALSE
"168",0,98,3.5,0,0,1,22102,0,0.4,3.1,0,4.58496747867057,"Kaerntner Strasse","0% no offer","Apartment",0,0,0,0,5.31724126233938,-0.732273783668807,TRUE
"169",340,110,4,4.5,2718,0,22104,1,0.6,3.2,4.3,4.70048036579242,"Landstrasse","1-15% offer","Hotel",0,0,0,0,5.25792269153332,-0.557442325740906,FALSE
"170",34,82,3.5,4,25,1,22107,1,1.9,3.2,4.1,4.40671924726425,"Landstrasse","15-50% offer","Apartment",0,0,0,0,4.49124350767475,-0.0845242604105012,FALSE
"171",26,91,3.5,0,0,1,22108,1,0.9,2.4,2.5,4.51085950651685,"Landstrasse","15-50% offer","Apartment",0,0,0,0,4.6451001267444,-0.134240620227551,FALSE
"172",0,150,3.5,0,0,1,22109,0,1.6,3,0,5.01063529409626,"Landstrasse","0% no offer","Apartment",0,0,0,0,5.11032087584606,-0.0996855817498012,FALSE
"173",97,83,3.5,4.5,35,1,22110,1,1.7,3,4.4,4.4188406077966,"Landstrasse","15-50% offer","Apartment",0,0,0,0,4.37605943843419,0.0427811693624109,FALSE
"174",11,95,4.5,0,0,1,22111,1,1.8,3.1,4,4.55387689160054,"Landstrasse","15-50% offer","Apartment",0,0,0,0,4.73150126013458,-0.177624368534044,FALSE
"175",15,131,3,0,0,0,22112,1,1.4,2.8,3.7,4.87519732320115,"Landstrasse","15-50% offer","Apartment",0,0,0,0,4.97743051524577,-0.10223319204462,FALSE
"176",84,162,4,5,610,1,22113,1,1.1,2.8,4.8,5.08759633523238,"Landstrasse","15-50% offer","Other",0,0,0,0,4.40608885864254,0.681507476589841,FALSE
"177",152,177,5,4,2015,0,22114,1,0.5,3,4.3,5.17614973257383,"Landstrasse","50%-75% offer","Hotel",0,0,0,0,5.3859773974673,-0.209827664893466,FALSE
"178",3,122,2,0,0,1,22115,1,1.5,3.6,4,4.80402104473326,"Landstrasse","1-15% offer","Apartment",0,0,0,0,4.86554173075673,-0.0615206860234716,FALSE
"179",25,79,3,0,0,1,22116,0,1.6,3.7,2,4.36944785246702,"Landstrasse","0% no offer","Apartment",0,0,0,0,4.69308970641587,-0.32364185394885,FALSE
"180",181,82,4,4,395,0,22117,1,1.4,3.1,4,4.40671924726425,"Landstrasse","15-50% offer","Hotel",0,0,0,0,4.44919659092397,-0.0424773436597166,FALSE
"181",359,82,4,4,717,1,22118,1,1.7,3.3,4.1,4.40671924726425,"Landstrasse","1-15% offer","Hotel",0,0,0,0,4.578352623039,-0.171633375774745,FALSE
"182",160,66,3,3.5,203,0,22119,1,1.8,3.4,3.9,4.18965474202643,"Landstrasse","15-50% offer","Hotel",0,0,0,0,4.11247490850278,0.0771798335236413,FALSE
"183",303,169,4,4,1208,0,22120,0,0.8,2.7,4.1,5.12989871492307,"Landstrasse","0% no offer","Hotel",0,0,0,0,4.943714239995,0.186184474928075,FALSE
"184",254,59,3,3.5,189,1,22122,0,0.8,2.7,3.7,4.07753744390572,"Landstrasse","0% no offer","Other",0,0,0,0,3.92624157582254,0.151295868083179,FALSE
"185",173,109,4,4,666,0,22123,0,1.5,3.8,4.1,4.69134788222914,"Landstrasse","0% no offer","Hotel",0,0,0,0,4.66884577992703,0.0225021023021181,FALSE
"186",114,104,3,3,72,1,22125,0,0.7,2.6,3.4,4.64439089914137,"Landstrasse","0% no offer","Hotel",0,0,0,0,4.51902736930145,0.12536352983992,FALSE
"187",249,145,3.5,4.5,730,0,22126,1,0.9,2.5,4.3,4.97673374242057,"Landstrasse","15-50% offer","Hotel",0,0,0,0,4.83517689569671,0.141556846723867,FALSE
"188",1,58,3.5,0,0,1,22127,0,1.4,3.6,2,4.06044301054642,"Landstrasse","0% no offer","Apartment",0,0,0,0,4.83538002892189,-0.774937018375466,TRUE
"189",6,107,4,0,0,1,22129,1,1.3,3.4,4.3,4.67282883446191,"Landstrasse","15-50% offer","Other",0,0,0,0,4.83312187855256,-0.160293044090652,FALSE
"190",13,85,3,3.5,183,1,22130,1,0.8,2.1,3.5,4.44265125649032,"Landstrasse","50%-75% offer","Hotel",0,0,0,0,4.47633680951678,-0.0336855530264604,FALSE
"191",18,184,4,4,5,1,22131,1,0.7,2.2,4.5,5.21493575760899,"Landstrasse","1-15% offer","Apartment",0,0,0,0,5.43212692040038,-0.217191162791395,FALSE
"192",497,137,4.5,4,1060,0,22132,1,1,3.3,4.1,4.91998092582813,"Landstrasse","15-50% offer","Hotel",0,0,0,0,4.77423031150075,0.145750614327375,FALSE
"193",503,116,4.5,4.5,1591,0,22134,1,1.1,3.3,4.5,4.75359019110636,"Landstrasse","1-15% offer","Hotel",0,0,0,0,4.85325217289503,-0.0996619817886657,FALSE
"194",70,157,2,3.5,52,0,22135,1,1.1,3.3,3.7,5.05624580534831,"Landstrasse","15-50% offer","Apartment",0,0,0,0,4.7398380997603,0.316407705588008,FALSE
"195",109,110,3,3.5,529,1,22136,0,1.3,3.3,3.7,4.70048036579242,"Landstrasse","0% no offer","Hotel",0,0,0,0,4.47105860790233,0.229421757890084,FALSE
"196",171,134,4,4.5,343,1,22138,1,0.6,3,4.3,4.89783979995091,"Landstrasse","15-50% offer","Hotel",0,0,0,0,5.08544104066057,-0.187601240709664,FALSE
"197",79,79,4,3.5,77,1,22140,0,1.3,3.3,3.7,4.36944785246702,"Landstrasse","0% no offer","Hotel",0,0,0,0,4.3812226472914,-0.0117747948243778,FALSE
"198",13,143,3,0,0,1,22141,0,1.4,3.3,4.5,4.96284463025991,"Landstrasse","0% no offer","Apartment",0,0,0,0,4.94909879705201,0.0137458332078984,FALSE
"199",281,132,4,4,1403,0,22142,1,1,3.2,4.1,4.88280192258637,"Landstrasse","15-50% offer","Hotel",0,0,0,0,4.91397207456465,-0.0311701519782766,FALSE
"200",108,68,4,4,162,1,22143,1,1.3,3.5,4,4.21950770517611,"Landstrasse","50%-75% offer","Apartment",0,0,0,0,4.32599898955844,-0.106491284382336,FALSE
"201",267,128,4,4,1437,0,22144,1,0.6,2.3,4.1,4.85203026391962,"Leopoldstadt","15-50% offer","Hotel",0,0,0,0,5.08064033937284,-0.228610075453219,FALSE
"202",183,99,3,4.5,491,0,22145,0,1.5,1.6,4.5,4.59511985013459,"Leopoldstadt","0% no offer","Hotel",0,0,0,0,4.57670664326128,0.0184132068733094,FALSE
"203",5,149,2,0,0,1,22148,1,0.9,1.9,2.2,5.00394630594546,"Leopoldstadt","15-50% offer","Apartment",0,0,0,0,4.87289468423783,0.131051621707626,FALSE
"204",136,86,4,3.5,326,0,22149,1,1.8,1,4,4.45434729625351,"Leopoldstadt","50%-75% offer","Hotel",0,0,0,0,4.46977303038876,-0.0154257341352562,FALSE
"205",11,155,3,4,28,0,22150,0,1.9,1.4,4.1,5.04342511691925,"Leopoldstadt","0% no offer","Apartment",0,0,0,0,4.68572507328073,0.357700043638516,FALSE
"206",242,63,3,3,183,1,22152,1,1,1.9,3.4,4.14313472639153,"Leopoldstadt","1-15% offer","Hotel",0,0,0,0,4.14236850791209,0.000766218479437697,FALSE
"207",81,157,2,3.5,12,0,22153,1,0.6,2.3,3.7,5.05624580534831,"Leopoldstadt","15-50% offer","Apartment",0,0,0,0,4.93329010469914,0.122955700649172,FALSE
"208",16,134,3.5,4.5,70,1,22155,1,0.6,2.2,4,4.89783979995091,"Leopoldstadt","15-50% offer","Hotel",0,0,0,0,5.14142769491437,-0.243587894963462,FALSE
"209",6,141,5,0,0,1,22156,1,1.7,1.4,4.3,4.94875989037817,"Leopoldstadt","1-15% offer","Apartment",0,0,0,0,5.0222129513871,-0.0734530610089354,FALSE
"210",122,79,3,4,290,0,22157,1,0.9,1.9,3.7,4.36944785246702,"Leopoldstadt","15-50% offer","Hotel",0,0,0,0,4.45745124910804,-0.0880033966410201,FALSE
"211",250,138,4,4,1023,0,22158,0,0.5,2.3,4,4.92725368515721,"Leopoldstadt","0% no offer","Hotel",0,0,0,0,4.85787292546585,0.0693807596913567,FALSE
"212",603,113,4,4.5,1516,1,22159,1,1,1.8,4.5,4.72738781871234,"Leopoldstadt","15-50% offer","Hotel",0,0,0,0,4.76095027623717,-0.0335624575248294,FALSE
"213",25,171,3,0,0,1,22160,1,1.5,1.3,3.5,5.14166355650266,"Leopoldstadt","15-50% offer","Apartment",0,0,0,0,4.94620017681705,0.195463379685613,FALSE
"214",52,56,2,4,1666,0,22161,1,1.5,1.4,3.5,4.02535169073515,"Leopoldstadt","1-15% offer","Hotel",0,0,0,0,4.15279519544962,-0.127443504714466,FALSE
"215",152,84,3,4,1249,0,22162,1,1.5,1.4,3.9,4.43081679884331,"Leopoldstadt","15-50% offer","Hotel",0,0,0,0,4.4024057814213,0.0284110174220142,FALSE
"216",293,72,2,4.5,302,0,22163,1,1.1,2,4,4.27666611901606,"Leopoldstadt","15-50% offer","Hotel",0,0,0,0,4.26381731232811,0.0128488066879457,FALSE
"217",1,587,5,5,7,1,22164,1,0.7,2.2,1,6.3750248198281,"Leopoldstadt","15-50% offer","Hotel",0,0,0,0,5.93780162260517,0.437223197222929,FALSE
"218",84,68,3,4,129,1,22165,1,0.9,2.1,4,4.21950770517611,"Leopoldstadt","15-50% offer","Hotel",0,0,0,0,4.1698642073462,0.0496434978299112,FALSE
"219",208,102,3.5,4,281,0,22166,1,1.5,1.4,3.9,4.62497281328427,"Leopoldstadt","50%-75% offer","Hotel",0,0,0,0,4.23272197905651,0.392250834227757,FALSE
"220",29,96,3,3.5,7,1,22167,1,1.5,1.4,3.4,4.56434819146784,"Leopoldstadt","15-50% offer","Apartment",0,0,0,0,4.8117595691078,-0.247411377639967,FALSE
"221",57,81,1,3.5,141,0,22168,0,0.9,1.9,3.7,4.39444915467244,"Leopoldstadt","0% no offer","Hotel",0,0,0,0,4.29593898923014,0.0985101654422964,FALSE
"222",267,82,3,4,727,0,22169,1,1.6,1.7,4.1,4.40671924726425,"Leopoldstadt","15-50% offer","Hotel",0,0,0,0,4.41736389371277,-0.0106446464485215,FALSE
"223",275,66,3,4,407,1,22170,1,1.1,1.7,4,4.18965474202643,"Leopoldstadt","15-50% offer","Hotel",0,0,0,0,4.37691913618958,-0.187264394163158,FALSE
"224",23,87,3,4,51,1,22171,1,0.8,2.2,3.9,4.46590811865458,"Leopoldstadt","15-50% offer","Apartment",0,0,0,0,4.70438407289393,-0.23847595423935,FALSE
"225",0,364,4,0,0,1,22173,0,0.6,2.3,0,5.89715386763674,"Leopoldstadt","0% no offer","Apartment",0,0,0,0,5.45276607643273,0.444387791204009,FALSE
"226",240,240,5,4.5,2098,0,22175,1,0.4,2.4,4.5,5.48063892334199,"Leopoldstadt","15-50% offer","Hotel",0,0,0,0,5.40935524802441,0.0712836753175781,FALSE
"227",374,113,3,4.5,1686,0,22176,1,0.8,2.1,4.5,4.72738781871234,"Leopoldstadt","15-50% offer","Hotel",0,0,0,0,4.80833689473122,-0.0809490760188831,FALSE
"228",468,106,3,4.5,1449,1,22177,1,1,1.9,4.5,4.66343909411207,"Leopoldstadt","15-50% offer","Hotel",0,0,0,0,4.57619980756009,0.0872392865519807,FALSE
"229",422,89,3,4,1580,0,22179,1,1.6,1.2,4.1,4.48863636973214,"Leopoldstadt","15-50% offer","Hotel",0,0,0,0,4.41399449180707,0.0746418779250728,FALSE
"230",307,61,2,4,1027,0,22180,1,0.9,2.2,4,4.11087386417331,"Leopoldstadt","50%-75% offer","Hotel",0,0,0,0,4.25643186942296,-0.14555800524965,FALSE
"231",2,92,3.5,0,0,1,22181,0,0.8,2.3,4.5,4.52178857704904,"Leopoldstadt","0% no offer","Apartment",0,0,0,0,4.90132270926699,-0.379534132217949,FALSE
"232",527,106,4,4,739,1,22182,1,0.8,2,4.1,4.66343909411207,"Leopoldstadt","15-50% offer","Hotel",0,0,0,0,4.5733648781672,0.0900742159448695,FALSE
"233",637,100,4,4,584,1,22183,1,0.8,2,4,4.60517018598809,"Leopoldstadt","15-50% offer","Hotel",0,0,0,0,4.45280044568215,0.152369740305939,FALSE
"234",461,75,3,4,827,0,22184,1,0.7,2.2,4.1,4.31748811353631,"Leopoldstadt","15-50% offer","Hotel",0,0,0,0,4.52066217195189,-0.203174058415577,FALSE
"235",3,84,3,4,92,1,22185,0,0.8,2.2,2.2,4.43081679884331,"Leopoldstadt","0% no offer","Hotel",0,0,0,0,4.47089012501323,-0.04007332616992,FALSE
"236",104,151,4,4.5,1272,0,22187,0,0.5,2.3,4.6,5.01727983681492,"Leopoldstadt","0% no offer","Hotel",0,0,0,0,5.37789985403193,-0.360620017217006,FALSE
"237",90,87,3,3.5,314,0,22188,0,0.9,1.9,3.5,4.46590811865458,"Leopoldstadt","0% no offer","Hotel",0,0,0,0,4.31566783157382,0.150240287080762,FALSE
"238",75,117,4,4.5,836,1,22189,0,0.5,2.3,4.4,4.76217393479776,"Leopoldstadt","0% no offer","Hotel",0,0,0,0,5.45633172580335,-0.694157791005598,TRUE
"239",139,120,4,4,807,0,22190,1,1.9,1.9,4.5,4.78749174278205,"Leopoldstadt","50%-75% offer","Hotel",0,0,0,0,4.83504870271597,-0.0475569599339272,FALSE
"240",0,132,3.5,0,0,1,22191,0,0.8,2.1,0,4.88280192258637,"Leopoldstadt","0% no offer","Apartment",0,0,0,0,4.95077061813417,-0.067968695547802,FALSE
"241",41,68,2.5,4,85,0,22192,0,0.9,1.9,3.9,4.21950770517611,"Leopoldstadt","0% no offer","Hotel",0,0,0,0,4.3375426439689,-0.118034938792792,FALSE
"242",122,383,3,4,382,1,22193,0,1.9,4.7,4,5.94803498918065,"Margareten","0% no offer","Hotel",0,0,0,0,5.114572416784,0.833462572396644,FALSE
"243",6,160,4,0,0,1,22194,1,1.6,4.4,4.3,5.07517381523383,"Margareten","1-15% offer","Apartment",0,0,0,0,4.9996587125724,0.0755151026614289,FALSE
"244",0,135,2,0,0,1,22195,0,2,4.8,0,4.90527477843843,"Margareten","0% no offer","Apartment",0,0,0,0,4.77134238204883,0.133932396389598,FALSE
"245",137,111,4.5,4.5,659,0,22196,1,2,4.8,4.5,4.70953020131233,"Margareten","15-50% offer","Hotel",0,0,0,0,4.64165374334253,0.0678764579698017,FALSE
"246",144,174,4,4.5,1650,0,22198,0,1.5,4.3,4.3,5.15905529921453,"Margareten","0% no offer","Hotel",0,0,0,0,5.0818538230728,0.0772014761417328,FALSE
"247",80,63,3,3.5,335,0,22199,1,2,4.7,3.5,4.14313472639153,"Margareten","15-50% offer","Hotel",0,0,0,0,4.16027475918036,-0.0171400327888254,FALSE
"248",11,73,3,0,0,1,22200,0,1.4,4.2,4.3,4.29045944114839,"Margareten","0% no offer","Apartment",0,0,0,0,4.66535606657806,-0.374896625429666,FALSE
"249",58,100,3.5,4.5,15,0,22201,0,1.5,4.3,4.5,4.60517018598809,"Margareten","0% no offer","Hotel",0,0,0,0,4.70101897471235,-0.0958487887242585,FALSE
"250",0,162,3.5,0,0,1,22202,0,1.7,4.4,0,5.08759633523238,"Margareten","0% no offer","Apartment",0,0,0,0,4.87969845182292,0.207897883409462,FALSE
"251",303,86,4,3.5,1708,0,22203,1,1.4,4.2,3.9,4.45434729625351,"Margareten","1-15% offer","Hotel",0,0,0,0,4.55427647271809,-0.0999291764645864,FALSE
"252",0,103,3,0,0,1,22204,0,1.9,4.7,0,4.63472898822964,"Margareten","0% no offer","Other",0,0,0,0,4.6934406781173,-0.0587116898876667,FALSE
"253",82,67,3,4,909,0,22205,1,1.8,4.5,4,4.20469261939097,"Margareten","15-50% offer","Hotel",0,0,0,0,4.13744106017447,0.0672515592164915,FALSE
"254",248,129,4,4,372,0,22206,1,1.3,4.1,4.1,4.85981240436167,"Margareten","1-15% offer","Hotel",0,0,0,0,4.8630249505216,-0.0032125461599275,FALSE
"255",151,80,3,4,161,1,22208,1,1.9,4.6,4.1,4.38202663467388,"Margareten","50%-75% offer","Apartment",0,0,0,0,4.35936145819382,0.0226651764800563,FALSE
"256",7,131,2,0,0,1,22209,1,1.9,4.7,3.2,4.87519732320115,"Margareten","15-50% offer","Apartment",0,0,0,0,4.82422806461085,0.0509692585903041,FALSE
"257",2,150,3.5,0,0,1,22210,1,1.6,4.3,5,5.01063529409626,"Margareten","1-15% offer","Apartment",0,0,0,0,5.04532311272361,-0.0346878186273578,FALSE
"258",3,159,3,0,0,1,22211,1,1.1,3.9,4.6,5.06890420222023,"Mariahilf","15-50% offer","Apartment",0,0,0,0,4.73841115263308,0.330493049587155,FALSE
"259",85,86,3,4,383,1,22212,0,1.3,4.1,4,4.45434729625351,"Mariahilf","0% no offer","Hotel",0,0,0,0,4.67012932425678,-0.215782028003276,FALSE
"260",3,96,2,0,0,1,22213,0,0.9,3.6,3.7,4.56434819146784,"Mariahilf","0% no offer","Hotel",0,0,0,0,4.7487716280292,-0.184423436561367,FALSE
"261",258,131,4,4,682,0,22214,1,0.7,3.4,4.1,4.87519732320115,"Mariahilf","1-15% offer","Hotel",0,0,0,0,5.03765135396759,-0.162454030766442,FALSE
"262",13,103,4,0,0,1,22215,1,2,4.7,4.1,4.63472898822964,"Mariahilf","15-50% offer","Apartment",0,0,0,0,4.71224170342713,-0.0775127151974901,FALSE
"263",95,85,2,4,618,0,22217,1,1,3.8,4,4.44265125649032,"Mariahilf","15-50% offer","Hotel",0,0,0,0,4.48137096272661,-0.0387197062362912,FALSE
"264",44,80,3,3.5,170,0,22218,0,1.4,4.2,3.9,4.38202663467388,"Mariahilf","0% no offer","Hotel",0,0,0,0,4.25810326090969,0.123923373764193,FALSE
"265",125,93,4,4,410,1,22219,1,1.1,3.9,4,4.53259949315326,"Mariahilf","15-50% offer","Hotel",0,0,0,0,4.67585547725953,-0.143255984106274,FALSE
"266",5,81,3.5,0,0,1,22221,1,1.8,4.6,4.5,4.39444915467244,"Mariahilf","15-50% offer","Apartment",0,0,0,0,4.54671653123996,-0.152267376567522,FALSE
"267",161,77,3,4,2102,0,22222,1,1.9,4.6,4,4.34380542185368,"Mariahilf","1-15% offer","Hotel",0,0,0,0,4.46914773516757,-0.125342313313888,FALSE
"268",210,140,4,5,1495,1,22223,1,0.8,3.6,4.8,4.9416424226093,"Mariahilf","15-50% offer","Hotel",0,0,0,0,4.99229939855802,-0.0506569759487201,FALSE
"269",264,99,4,4,1228,1,22224,1,1,3.8,4,4.59511985013459,"Mariahilf","15-50% offer","Hotel",0,0,0,0,4.8317376083561,-0.236617758221513,FALSE
"270",49,75,4,4,151,1,22225,0,1.1,3.9,4.1,4.31748811353631,"Mariahilf","0% no offer","Other",0,0,0,0,4.47005914432848,-0.152571030792171,FALSE
"271",162,105,4,4.5,716,0,22226,1,1.4,4.1,4.4,4.65396035015752,"Mariahilf","15-50% offer","Hotel",0,0,0,0,4.63606182383979,0.0178985263177331,FALSE
"272",581,100,3.5,4.5,1414,0,22227,1,1.7,4.4,4.5,4.60517018598809,"Mariahilf","15-50% offer","Hotel",0,0,0,0,4.57281303834745,0.032357147640643,FALSE
"273",55,89,3,4,67,1,22228,1,1,3.8,3.7,4.48863636973214,"Mariahilf","15-50% offer","Other",0,0,0,0,4.41923308993901,0.0694032797931277,FALSE
"274",39,82,3,3.5,78,0,22229,1,1.1,3.9,3.9,4.40671924726425,"Mariahilf","15-50% offer","Hotel",0,0,0,0,4.35259856234103,0.0541206849232205,FALSE
"275",484,82,4,4,1150,0,22230,0,1.8,4.5,3.9,4.40671924726425,"Mariahilf","0% no offer","Hotel",0,0,0,0,4.50632758779568,-0.0996083405314314,FALSE
"276",0,88,3,0,0,1,22231,1,1.8,4.5,0,4.47733681447821,"Mariahilf","15-50% offer","Apartment",0,0,0,0,4.85235373834756,-0.375016923869352,FALSE
"277",0,150,3,0,0,1,22233,0,1.6,4.4,0,5.01063529409626,"Mariahilf","0% no offer","Apartment",0,0,0,0,4.90454140859087,0.106093885505385,FALSE
"278",10,134,2,0,0,1,22234,1,1.6,4.4,3.7,4.89783979995091,"Mariahilf","1-15% offer","Apartment",0,0,0,0,4.8853610958744,0.0124787040765062,FALSE
"279",45,87,4,4,290,0,22235,1,1.9,4.7,3.5,4.46590811865458,"Mariahilf","15-50% offer","Hotel",0,0,0,0,4.43257991858907,0.0333282000655108,FALSE
"280",98,100,4,3.5,372,0,22236,1,1.6,4.3,3.7,4.60517018598809,"Mariahilf","15-50% offer","Hotel",0,0,0,0,4.65990292504758,-0.0547327390594878,FALSE
"281",239,84,4,4,561,0,22237,1,1.6,4.3,4.3,4.43081679884331,"Mariahilf","15-50% offer","Hotel",0,0,0,0,4.6345699099538,-0.203753111110489,FALSE
"282",170,52,2,4,112,1,22238,1,0.9,3.7,3.7,3.95124371858143,"Mariahilf","15-50% offer","Hotel",0,0,0,0,4.01285380114351,-0.0616100825620864,FALSE
"283",100,98,4,4,650,1,22239,1,0.8,3.5,3.7,4.58496747867057,"Neubau","15-50% offer","Hotel",0,0,0,0,4.65088898516073,-0.0659215064901568,FALSE
"284",310,333,5,5,1523,0,22240,1,0.7,3.4,4.9,5.80814248998044,"Neubau","1-15% offer","Hotel",0,0,0,0,5.49315395802692,0.314988531953526,FALSE
"285",305,99,3,4,1171,0,22241,0,1.8,4.4,4.1,4.59511985013459,"Neubau","0% no offer","Hotel",0,0,0,0,4.53887713700296,0.0562427131316348,FALSE
"286",105,77,3,4,98,1,22243,1,1.5,4.1,4,4.34380542185368,"Neubau","15-50% offer","Other",0,0,0,0,4.29204439000553,0.0517610318481534,FALSE
"287",6,160,3.5,0,0,1,22244,1,1.6,4.3,4.6,5.07517381523383,"Neubau","1-15% offer","Apartment",0,0,0,0,4.92419971042527,0.150974104808562,FALSE
"288",1,160,3.5,0,0,1,22245,1,1.6,4.3,5,5.07517381523383,"Neubau","1-15% offer","Apartment",0,0,0,0,5.14575596605365,-0.0705821508198241,FALSE
"289",141,76,3,3.5,265,0,22246,1,1.6,4.2,3.5,4.33073334028633,"Neubau","1-15% offer","Hotel",0,0,0,0,4.26812295571543,0.0626103845709043,FALSE
"290",14,89,3,4,36,1,22247,1,1.6,4.1,4.4,4.48863636973214,"Neubau","15-50% offer","Other",0,0,0,0,4.6650390702078,-0.176402700475657,FALSE
"291",6,113,3,0,0,1,22248,0,0.8,3.6,3.7,4.72738781871234,"Neubau","0% no offer","Hotel",0,0,0,0,4.71680449989516,0.0105833188171855,FALSE
"292",328,110,4,4.5,2436,0,22249,1,0.9,3.6,4.4,4.70048036579242,"Neubau","15-50% offer","Hotel",0,0,0,0,4.92641102365558,-0.225930657863162,FALSE
"293",123,184,4,4.5,2431,0,22250,1,1,3.7,4.6,5.21493575760899,"Neubau","50%-75% offer","Hotel",0,0,0,0,5.16409762709258,0.0508381305164072,FALSE
"294",181,33,2,3.5,308,0,22251,1,1.7,4.2,3.2,3.49650756146648,"Neubau","50%-75% offer","Hotel",0,0,0,0,3.91545055468732,-0.418942993220843,FALSE
"295",77,1012,3,4,364,1,22252,1,1,3.8,4.3,6.91968384984741,"Neubau","1-15% offer","Hotel",0,0,0,0,5.60508476531643,1.31459908453098,FALSE
"296",308,99,4,4,612,0,22253,1,1.7,4.4,4.1,4.59511985013459,"Neubau","15-50% offer","Hotel",0,0,0,0,4.52566135742839,0.0694584927062003,FALSE
"297",54,122,3,4,143,1,22254,1,0.8,3.5,3.9,4.80402104473326,"Neubau","1-15% offer","Hotel",0,0,0,0,4.68286820539871,0.121152839334545,FALSE
"298",544,122,4,4,978,0,22255,1,1.7,4.3,4.3,4.80402104473326,"Neubau","1-15% offer","Hotel",0,0,0,0,4.62939556161197,0.174625483121284,FALSE
"299",359,105,4,4,816,0,22256,0,1.7,4.3,4,4.65396035015752,"Neubau","0% no offer","Hotel",0,0,0,0,4.49048884147821,0.163471508679312,FALSE
"300",3,98,4,0,0,1,22257,1,1.7,4.2,5,4.58496747867057,"Neubau","15-50% offer","Apartment",0,0,0,0,4.79646884639845,-0.211501367727882,FALSE
"301",0,92,3.5,0,0,1,22258,0,1.4,4.1,0,4.52178857704904,"Neubau","0% no offer","Apartment",0,0,0,0,4.81503873987214,-0.293250162823095,FALSE
"302",98,109,4,4,582,0,22259,1,1.4,4,4,4.69134788222914,"Neubau","15-50% offer","Hotel",0,0,0,0,4.53190290500885,0.15944497722029,FALSE
"303",54,105,3,4.5,412,1,22260,1,1.2,3.9,4.1,4.65396035015752,"Neubau","15-50% offer","Hotel",0,0,0,0,4.71646681286972,-0.0625064627121956,FALSE
"304",22,133,2,0,0,1,22265,1,2,4.4,3.2,4.89034912822175,"Ottakring","15-50% offer","Apartment",0,0,0,0,4.85941968533807,0.0309294428836848,FALSE
"305",4,133,2.5,0,0,1,22266,0,2.3,4.6,4.3,4.89034912822175,"Ottakring","0% no offer","Apartment",0,0,0,0,4.72562848895719,0.164720639264565,FALSE
"306",69,52,3,3.5,193,0,22268,1,3.1,5.2,3.5,3.95124371858143,"Ottakring","15-50% offer","Hotel",0,0,0,0,4.18724923064986,-0.236005512068436,FALSE
"307",17,134,2,0,0,1,22269,1,1.8,4.1,3.7,4.89783979995091,"Ottakring","15-50% offer","Apartment",0,0,0,0,4.7881541095418,0.109685690409108,FALSE
"308",83,80,4,4,265,0,22271,1,4.1,6,4,4.38202663467388,"Ottakring","15-50% offer","Hotel",0,0,0,0,4.49668875618872,-0.114662121514843,FALSE
"309",36,91,2,4,42,1,22272,0,2.9,5.3,4,4.51085950651685,"Rudolfsheim-Funfhaus","0% no offer","Hotel",0,0,0,0,4.56251660823699,-0.0516571017201377,FALSE
"310",0,129,4,0,0,1,22273,1,2.6,5.2,0,4.85981240436167,"Rudolfsheim-Funfhaus","1-15% offer","Apartment",0,0,0,0,4.96638234657475,-0.106569942213074,FALSE
"311",153,47,2,3.5,549,1,22274,0,1.9,4.6,3.7,3.85014760171006,"Rudolfsheim-Funfhaus","0% no offer","Other",0,0,0,0,4.09714651684134,-0.246998915131286,FALSE
"312",136,70,4,3.5,1020,0,22275,1,1.8,4.4,3.9,4.24849524204936,"Rudolfsheim-Funfhaus","15-50% offer","Hotel",0,0,0,0,4.34242937644608,-0.0939341343967177,FALSE
"313",17,88,3.5,0,0,1,22276,1,2.3,4.9,2.2,4.47733681447821,"Rudolfsheim-Funfhaus","1-15% offer","Apartment",0,0,0,0,4.54732178344549,-0.0699849689672876,FALSE
"314",156,136,3,4.5,1452,0,22277,1,1.9,4.5,4.5,4.91265488573605,"Rudolfsheim-Funfhaus","15-50% offer","Hotel",0,0,0,0,4.71327350888073,0.199381376855318,FALSE
"315",81,80,3,4,464,1,22279,1,2.1,4.8,4.1,4.38202663467388,"Rudolfsheim-Funfhaus","15-50% offer","Hotel",0,0,0,0,4.51614639706043,-0.134119762386548,FALSE
"316",40,131,2,0,0,1,22280,1,2.3,4.9,3.9,4.87519732320115,"Rudolfsheim-Funfhaus","15-50% offer","Apartment",0,0,0,0,4.76830289752431,0.106894425676845,FALSE
"317",54,81,3,4.5,635,1,22281,1,2.4,4.9,4.1,4.39444915467244,"Rudolfsheim-Funfhaus","1-15% offer","Hotel",0,0,0,0,4.43091734842265,-0.0364681937502116,FALSE
"318",13,133,2,0,0,0,22284,1,2.5,5.1,3.7,4.89034912822175,"Rudolfsheim-Funfhaus","15-50% offer","Apartment",0,0,0,0,4.88872718713032,0.00162194109143154,FALSE
"319",225,66,4,3.5,388,1,22285,1,3.6,6.1,3.7,4.18965474202643,"Rudolfsheim-Funfhaus","1-15% offer","Hotel",0,0,0,0,4.6885633680328,-0.498908626006371,FALSE
"320",144,77,3,4,241,0,22286,1,2.8,5.5,4,4.34380542185368,"Rudolfsheim-Funfhaus","1-15% offer","Hotel",0,0,0,0,4.48978641918687,-0.145980997333182,FALSE
"321",2,121,3,0,0,1,22287,0,1.8,4.4,4.5,4.79579054559674,"Rudolfsheim-Funfhaus","0% no offer","Apartment",0,0,0,0,4.66225329606969,0.13353724952705,FALSE
"322",525,69,4,3.5,399,0,22288,1,2.1,4.8,3.7,4.23410650459726,"Rudolfsheim-Funfhaus","1-15% offer","Hotel",0,0,0,0,4.32972633465559,-0.0956198300583342,FALSE
"323",113,83,3,4,260,0,22289,1,2.1,4.8,4.1,4.4188406077966,"Rudolfsheim-Funfhaus","15-50% offer","Hotel",0,0,0,0,4.46847836013469,-0.0496377523380964,FALSE
"324",10,53,2,4.5,604,1,22290,0,1.9,4.6,4.1,3.97029191355212,"Rudolfsheim-Funfhaus","0% no offer","Other",0,0,0,0,4.12679709788657,-0.156505184334452,FALSE
"325",2,133,3.5,0,0,1,22291,1,2.7,5.3,4,4.89034912822175,"Rudolfsheim-Funfhaus","15-50% offer","Apartment",0,0,0,0,4.81437080561871,0.0759783226030395,FALSE
"326",78,77,4,3,212,0,22293,1,1.8,4.5,3.9,4.34380542185368,"Rudolfsheim-Funfhaus","15-50% offer","Hotel",0,0,0,0,4.23331787340316,0.110487548450522,FALSE
"327",69,48,2,4.5,945,1,22294,0,2,4.7,4.5,3.87120101090789,"Rudolfsheim-Funfhaus","0% no offer","Other",0,0,0,0,4.17566295255279,-0.304461941644899,FALSE
"328",314,142,4.5,4,831,0,22295,1,2.9,5.5,4.3,4.95582705760126,"Rudolfsheim-Funfhaus","50%-75% offer","Hotel",0,0,0,0,4.77928191531609,0.176545142285172,FALSE
"329",134,121,4,4,7,0,22296,1,1.7,4.3,3.9,4.79579054559674,"Rudolfsheim-Funfhaus","1-15% offer","Hotel",0,0,0,0,4.71576220918801,0.0800283364087297,FALSE
"330",38,68,3,4,116,1,22299,1,3.6,6.2,3.5,4.21950770517611,"Schonbrunn","15-50% offer","Hotel",0,0,0,0,4.39316172391463,-0.173654018738522,FALSE
"331",65,63,3,3.5,199,0,22300,0,2,4.8,3.7,4.14313472639153,"Schonbrunn","0% no offer","Hotel",0,0,0,0,4.08082710512007,0.0623076212714642,FALSE
"332",92,101,3,4.5,187,0,22301,0,2.1,4.9,4.5,4.61512051684126,"Schonbrunn","0% no offer","Hotel",0,0,0,0,4.57725019306373,0.0378703237775326,FALSE
"333",100,75,4,3.5,309,0,22302,1,2.6,5.4,3.7,4.31748811353631,"Schonbrunn","15-50% offer","Hotel",0,0,0,0,4.22714789221643,0.0903402213198765,FALSE
"334",910,156,4,4,1122,0,22303,0,3.6,6.2,4.3,5.04985600724954,"Schonbrunn","0% no offer","Hotel",0,0,0,0,4.91948103518472,0.13037497206482,FALSE
"335",79,56,3,4,177,0,22304,1,3.7,6.3,3.5,4.02535169073515,"Schonbrunn","15-50% offer","Hotel",0,0,0,0,4.27630265675315,-0.250950966017997,FALSE
"336",1541,82,3.5,4.5,1245,0,22306,1,2.4,5.2,4.5,4.40671924726425,"Schonbrunn","15-50% offer","Hotel",0,0,0,0,4.49650885003411,-0.0897896027698541,FALSE
"337",183,82,4,4,1148,0,22307,1,2.6,5.4,4.4,4.40671924726425,"Schonbrunn","15-50% offer","Hotel",0,0,0,0,4.65390511450389,-0.247185867239638,FALSE
"338",30,106,3,3,69,1,22309,0,4.1,6.8,3.7,4.66343909411207,"Schonbrunn","0% no offer","Hotel",0,0,0,0,4.49359787307691,0.16984122103516,FALSE
"339",24,85,3,3,114,1,22310,1,3.1,5.9,2.7,4.44265125649032,"Schonbrunn","1-15% offer","Hotel",0,0,0,0,4.42956281869393,0.0130884377963909,FALSE
"340",18,83,3.5,0,0,1,22311,1,2.6,5.4,4.5,4.4188406077966,"Schonbrunn","15-50% offer","Hotel",0,0,0,0,4.36381979824529,0.0550208095513129,FALSE
"341",140,92,4,4,753,0,22312,1,2.9,5.6,4.1,4.52178857704904,"Schonbrunn","1-15% offer","Hotel",0,0,0,0,4.61211611507801,-0.0903275380289728,FALSE
"342",14,169,3,0,0,1,22314,0,2.3,5.1,4.3,5.12989871492307,"Schonbrunn","0% no offer","Apartment",0,0,0,0,4.78315581464306,0.346742900280014,FALSE
"343",8,77,3,4.5,79,1,22315,1,2.7,5.4,3.5,4.34380542185368,"Schonbrunn","15-50% offer","Other",0,0,0,0,4.395845018973,-0.0520395971193155,FALSE
"344",333,92,3,4,196,0,22317,0,11,11,4.3,4.52178857704904,"Schwechat","0% no offer","Hotel",0,0,0,0,4.50429799734895,0.0174905797000946,FALSE
"345",923,166,4,4,2400,0,22318,1,11,11,4,5.11198778835654,"Schwechat","1-15% offer","Hotel",0,0,0,0,4.7312945829096,0.380693205446944,FALSE
"346",122,137,4,3.5,191,1,22319,0,7.7,7.9,3.7,4.91998092582813,"Schwechat","0% no offer","Hotel",0,0,0,0,4.76222192260364,0.15775900322449,FALSE
"347",26,99,3,3.5,191,0,22320,0,7.7,7.9,3.7,4.59511985013459,"Schwechat","0% no offer","Hotel",0,0,0,0,4.42300086866298,0.172118981471606,FALSE
"348",73,140,4,4,127,1,22321,0,7.8,8,3.5,4.9416424226093,"Schwechat","0% no offer","Hotel",0,0,0,0,4.70936703118088,0.23227539142842,FALSE
"349",161,80,3,3.5,247,0,22322,0,6.3,6.9,3.2,4.38202663467388,"Schwechat","0% no offer","Hotel",0,0,0,0,4.28718230588955,0.0948443287843288,FALSE
"350",39,91,3,3.5,161,0,22323,0,6.7,8.2,3.5,4.51085950651685,"Schwechat","0% no offer","Hotel",0,0,0,0,4.3277025650341,0.18315694148275,FALSE
"351",0,105,3.5,0,0,1,22324,1,4.3,6.7,0,4.65396035015752,"Vienna","1-15% offer","Apartment",0,0,0,0,4.99755490651549,-0.343594556357967,FALSE
"352",2,130,2,0,0,1,22325,0,2.6,5.4,4,4.86753445045558,"Vienna","0% no offer","Apartment",0,0,0,0,4.79677000661018,0.0707644438454027,FALSE
"353",16,110,3,4.5,29,1,22326,1,4.7,7,4.3,4.70048036579242,"Vienna","1-15% offer","Other",0,0,0,0,4.81391939360151,-0.113439027809092,FALSE
"354",124,117,4,4,192,0,22328,0,2,3.4,4,4.76217393479776,"Vienna","0% no offer","Hotel",0,0,0,0,4.80571749400181,-0.0435435592040534,FALSE
"355",9,106,4,4,12,1,22330,0,5.4,8.1,4.1,4.66343909411207,"Vienna","0% no offer","Other",0,0,0,0,4.78913933003003,-0.125700235917964,FALSE
"356",33,66,3,3.5,129,0,22331,0,3.9,6.4,3.7,4.18965474202643,"Vienna","0% no offer","Hotel",0,0,0,0,4.32367729989594,-0.134022557869513,FALSE
"357",16,266,5,5,2,1,22332,1,3.5,1.3,4.6,5.5834963087817,"Vienna","1-15% offer","Apartment",0,0,0,0,5.38068301008839,0.20281329869331,FALSE
"358",57,58,2,3.5,1051,0,22333,0,2.4,3.7,3.5,4.06044301054642,"Vienna","0% no offer","Hotel",0,0,0,0,4.13508720527763,-0.0746441947312091,FALSE
"359",21,81,3.5,3,12,1,22334,1,3.7,6.4,4.1,4.39444915467244,"Vienna","1-15% offer","Hotel",0,0,0,0,4.53239118205286,-0.137942027380419,FALSE
"360",160,109,4,3.5,386,0,22335,1,3.5,6.2,4,4.69134788222914,"Vienna","1-15% offer","Hotel",0,0,0,0,4.69659072145609,-0.00524283922694657,FALSE
"361",985,114,4.5,4.5,2454,0,22336,1,2.3,1.9,4.3,4.7361984483945,"Vienna","50%-75% offer","Hotel",0,0,0,0,4.84923214620321,-0.113033697808717,FALSE
"362",69,125,3.5,4,261,0,22337,1,2.3,1.1,4.4,4.8283137373023,"Vienna","1-15% offer","Other",0,0,0,0,4.68128031196848,0.147033425333819,FALSE
"363",51,69,3,3.5,53,1,22338,1,1.7,1.8,3.7,4.23410650459726,"Vienna","1-15% offer","Other",0,0,0,0,4.28448005394556,-0.0503735493482971,FALSE
"364",0,69,3,0,0,1,22339,0,2.6,2.3,0,4.23410650459726,"Vienna","0% no offer","Apartment",0,0,0,0,4.81325284590042,-0.579146341303164,FALSE
"365",72,97,4,4,277,0,22340,1,3.1,5.9,4,4.57471097850338,"Vienna","15-50% offer","Hotel",0,0,0,0,4.57297674129764,0.00173423720574739,FALSE
"366",65,74,4,4,73,1,22341,1,4.8,7.3,3.9,4.30406509320417,"Vienna","15-50% offer","Hotel",0,0,0,0,4.37560145809359,-0.0715363648894236,FALSE
"367",147,69,4,3.5,320,0,22342,1,3.7,6.4,3.7,4.23410650459726,"Vienna","15-50% offer","Hotel",0,0,0,0,4.34996023381374,-0.115853729216479,FALSE
"368",45,83,4,3.5,121,0,22343,1,3.9,6.6,4,4.4188406077966,"Vienna","15-50% offer","Hotel",0,0,0,0,4.47383975118443,-0.0549991433878363,FALSE
"369",50,50,3,4,12,0,22344,1,3.9,6.6,3.9,3.91202300542815,"Vienna","15-50% offer","Hotel",0,0,0,0,4.6282324503967,-0.716209444968555,TRUE
"370",27,130,2,3.5,36,0,22345,1,4.7,7.4,3.2,4.86753445045558,"Vienna","15-50% offer","Apartment",0,0,0,0,4.68145263326815,0.186081817187432,FALSE
"371",2,134,3,0,0,1,22346,1,3.7,6.2,3,4.89783979995091,"Vienna","1-15% offer","Apartment",0,0,0,0,4.87842330982398,0.0194164901269271,FALSE
"372",12,134,3,0,0,1,22347,1,6.9,9.6,4,4.89783979995091,"Vienna","15-50% offer","Apartment",0,0,0,0,4.94419341274568,-0.0463536127947641,FALSE
"373",26,77,3,3.5,21,1,22348,0,3.7,5,4,4.34380542185368,"Vienna","0% no offer","Hotel",0,0,0,0,4.6748932103898,-0.331087788536118,FALSE
"374",28,102,3,4.5,204,0,22349,0,5.3,7.6,4,4.62497281328427,"Vienna","0% no offer","Hotel",0,0,0,0,4.61194528588708,0.0130275273971936,FALSE
"375",30,56,3.5,3.5,88,1,22350,1,2.5,5.2,3.2,4.02535169073515,"Vienna","1-15% offer","Apartment",0,0,0,0,4.14771364208981,-0.122361951354658,FALSE
"376",1,185,3,0,0,1,22351,1,2.7,5.4,3,5.22035582507832,"Vienna","15-50% offer","Apartment",0,0,0,0,4.97713909491582,0.243216730162506,FALSE
"377",12,130,3,4,20,1,22353,0,6.6,9.4,4.4,4.86753445045558,"Vienna","0% no offer","Hotel",0,0,0,0,4.88287280892741,-0.0153383584718272,FALSE
"378",171,78,3,4,811,0,22354,0,3.2,4.5,4.3,4.35670882668959,"Vienna","0% no offer","Hotel",0,0,0,0,4.52265293943087,-0.165944112741274,FALSE
"379",34,76,3,4,61,1,22355,1,3.3,4.6,3.7,4.33073334028633,"Vienna","1-15% offer","Hotel",0,0,0,0,4.48556319375824,-0.154829853471905,FALSE
"380",69,68,4,3.5,87,1,22356,1,4.5,5.2,4,4.21950770517611,"Vienna","1-15% offer","Hotel",0,0,0,0,4.43272069663259,-0.213212991456484,FALSE
"381",84,116,4,4,493,0,22358,1,2.7,3.7,4,4.75359019110636,"Vienna","15-50% offer","Hotel",0,0,0,0,4.47318659196688,0.280403599139482,FALSE
"382",212,172,4,4,401,1,22359,1,2.2,3.8,4.1,5.14749447681345,"Vienna","1-15% offer","Hotel",0,0,0,0,5.05515090205762,0.0923435747558328,FALSE
"383",15,80,2,3.5,187,1,22361,0,5.2,7.6,3.2,4.38202663467388,"Vienna","0% no offer","Other",0,0,0,0,4.3218360768837,0.0601905577901816,FALSE
"384",12,87,3,4,30,1,22362,0,2.4,3.9,4,4.46590811865458,"Vienna","0% no offer","Hotel",0,0,0,0,4.63891147920791,-0.173003360553324,FALSE
"385",89,90,3,3,78,1,22363,1,4.6,7.4,3,4.49980967033027,"Vienna","1-15% offer","Hotel",0,0,0,0,4.45852760144079,0.0412820688894726,FALSE
"386",74,100,3.5,4,282,1,22364,1,2.7,4.2,4.4,4.60517018598809,"Vienna","15-50% offer","Hotel",0,0,0,0,4.61723344993793,-0.0120632639498339,FALSE
"387",3,173,2,0,0,1,22365,1,3.1,4.6,3.2,5.15329159449778,"Vienna","15-50% offer","Apartment",0,0,0,0,4.96872716085272,0.184564433645064,FALSE
"388",44,92,2,3.5,35,1,22366,0,2.5,4.1,3.2,4.52178857704904,"Vienna","0% no offer","Other",0,0,0,0,4.28924507827255,0.232543498776495,FALSE
"389",6,133,2,0,0,1,22369,1,2.6,5.3,3.7,4.89034912822175,"Vienna","15-50% offer","Apartment",0,0,0,0,4.85617688891692,0.034172239304838,FALSE
"390",3,134,3.5,0,0,1,22370,1,5.1,7.7,3.2,4.89783979995091,"Vienna","50%-75% offer","Apartment",0,0,0,0,4.85099897798609,0.0468408219648211,FALSE
"391",2,209,3,0,0,1,22371,1,5.2,7.8,4,5.34233425196481,"Vienna","15-50% offer","Apartment",0,0,0,0,5.0201418012384,0.322192450726409,FALSE
"392",35,114,4,5,12,1,22373,1,1.4,2.2,4.9,4.7361984483945,"Vienna","50%-75% offer","Apartment",0,0,0,0,4.87739514718726,-0.141196698792766,FALSE
"393",186,84,3,4.5,982,0,22380,1,1.9,2.7,4.4,4.43081679884331,"Wahring","15-50% offer","Hotel",0,0,0,0,4.41641274363245,0.0144040552108651,FALSE
"394",27,124,2,2.5,26,1,22381,1,1.8,3.2,3.5,4.82028156560504,"Wahring","15-50% offer","Apartment",0,0,0,0,4.76409137313741,0.0561901924676285,FALSE
"395",45,185,4,4,142,1,22382,0,2.1,3,4.4,5.22035582507832,"Wahring","0% no offer","Hotel",0,0,0,0,4.97727975310944,0.243076071968889,FALSE
"396",168,85,4,3.5,553,0,22384,1,3,3.2,4,4.44265125649032,"Wahring","1-15% offer","Hotel",0,0,0,0,4.44623519712451,-0.00358394063419354,FALSE
"397",1,133,2,0,0,1,22385,1,1.9,3.1,4,4.89034912822175,"Wahring","15-50% offer","Apartment",0,0,0,0,4.99677331660469,-0.10642418838294,FALSE
"398",77,110,3.5,4.5,116,0,22386,0,1.6,4,4.5,4.70048036579242,"Wieden","0% no offer","Hotel",0,0,0,0,4.7615034178093,-0.0610230520168882,FALSE
"399",72,86,3,4,89,0,22387,0,1.6,4,4.3,4.45434729625351,"Wieden","0% no offer","Hotel",0,0,0,0,4.64552115008951,-0.191173853836003,FALSE
"400",158,118,4,4,436,0,22388,0,1,3.6,4.1,4.77068462446567,"Wieden","0% no offer","Hotel",0,0,0,0,4.88548642818601,-0.114801803720342,FALSE
"401",15,126,3.5,0,0,1,22389,1,0.9,3.6,4.5,4.83628190695148,"Wieden","1-15% offer","Hotel",0,0,0,0,4.9333111714652,-0.0970292645137256,FALSE
"402",291,92,3,4,688,0,22390,1,1.3,3.9,4.3,4.52178857704904,"Wieden","15-50% offer","Hotel",0,0,0,0,4.56701740214927,-0.0452288251002253,FALSE
"403",317,197,4,4.5,1840,1,22391,1,0.8,3.5,4.8,5.28320372873799,"Wieden","15-50% offer","Hotel",0,0,0,0,5.01718702139049,0.266016707347502,FALSE
"404",193,39,2.5,3.5,69,1,22393,0,1.3,4,3.5,3.66356164612965,"Wieden","0% no offer","Other",0,0,0,0,3.79997321544014,-0.136411569310491,FALSE
"405",280,135,4,4,1121,0,22394,0,1.2,3.9,4.5,4.90527477843843,"Wieden","0% no offer","Hotel",0,0,0,0,4.95839077244912,-0.0531159940106898,FALSE
"406",47,125,4,4.5,229,0,22395,1,1.2,3.7,4.4,4.8283137373023,"Wieden","15-50% offer","Hotel",0,0,0,0,4.80950838691214,0.0188053503901644,FALSE
"407",7,67,2,4.5,1583,0,22396,0,1,3.8,3.4,4.20469261939097,"Wieden","0% no offer","Other",0,0,0,0,4.2377595455129,-0.0330669261219336,FALSE
"408",125,134,4,4.5,615,0,22397,1,0.8,3.5,4.5,4.89783979995091,"Wieden","1-15% offer","Hotel",0,0,0,0,5.11984233063357,-0.222002530682662,FALSE
"409",34,91,3,3.5,383,1,22398,1,0.9,3.7,3.5,4.51085950651685,"Wieden","15-50% offer","Hotel",0,0,0,0,4.55485563489171,-0.0439961283748609,FALSE
"410",112,110,3,4,263,0,22399,0,0.8,3.6,3.9,4.70048036579242,"Wieden","0% no offer","Hotel",0,0,0,0,4.68611259429668,0.0143677714957358,FALSE
"411",1,84,3.5,0,0,1,22400,0,0.9,3.6,5,4.43081679884331,"Wieden","0% no offer","Apartment",0,0,0,0,4.86401234263596,-0.43319554379265,FALSE
"412",77,100,3,4,149,1,22401,1,1.2,3.7,4,4.60517018598809,"Wieden","1-15% offer","Hotel",0,0,0,0,4.56762032223074,0.0375498637573477,FALSE
"413",572,95,4,4,1003,1,22402,1,1.5,3.9,4.1,4.55387689160054,"Wieden","1-15% offer","Hotel",0,0,0,0,4.66110891276036,-0.107232021159821,FALSE
"414",53,73,3,3,293,1,22403,1,1.5,4,3.4,4.29045944114839,"Wieden","1-15% offer","Hotel",0,0,0,0,4.37085916976528,-0.0803997286168858,FALSE
"415",2,109,3,3,14,1,22404,1,1.5,3.8,5,4.69134788222914,"Wieden","50%-75% offer","Apartment",0,0,0,0,4.85070694543563,-0.159359063206486,FALSE
"416",145,185,5,4,740,0,22406,1,0.8,3.6,4.3,5.22035582507832,"Wieden","15-50% offer","Hotel",0,0,0,0,5.07754733451193,0.142808490566399,FALSE
"417",112,100,4,4.5,1006,1,22407,0,1,3.7,4.4,4.60517018598809,"Wieden","0% no offer","Hotel",0,0,0,0,4.84069169004641,-0.235521504058314,FALSE
"418",169,58,3,3,135,0,22408,1,1.4,4.1,3.2,4.06044301054642,"Wieden","15-50% offer","Hotel",0,0,0,0,4.02672062802598,0.0337223825204411,FALSE
"419",80,110,3.5,0,0,1,22409,1,0.7,3.5,4,4.70048036579242,"Wieden","1-15% offer","Apartment",0,0,0,0,4.81590381072687,-0.115423444934451,FALSE
